{"lr":3.125e-06,"_timestamp":1.743705764856829e+09,"_runtime":217.121219328,"eval_MAPE":6.368800163269043,"eval_MSPE":50987.421875,"eval_RSE":0.9793000221252441,"train_loss":0.38605743415436256,"_wandb":{"runtime":217},"_step":93,"eval_MSE":1.0042999982833862,"eval_RMSE":1.0020999908447266,"eval_MAE":0.7516999840736389}