{"_wandb":{"runtime":88},"_step":4764,"train_loss":0.2632195438118935,"_timestamp":1.7437316181440403e+09,"_runtime":88.713882893,"eval_MSE":0.8055999875068665,"eval_MAE":0.6549999713897705,"eval_RSE":0.8770999908447266,"eval_RMSE":0.897599995136261,"lr":4.8828125e-08,"eval_MAPE":5.247600078582764,"eval_MSPE":39011.96484375}