{"_timestamp":1.7437268415909817e+09,"eval_MAPE":5.649400234222412,"_wandb":{"runtime":240},"_runtime":240.761255616,"eval_MAE":0.758899986743927,"eval_RMSE":1.0255999565124512,"_step":2626,"eval_MSPE":27490.40234375,"eval_MSE":1.051900029182434,"train_loss":0.34945347093968165,"eval_RSE":1.0023000240325928,"lr":3.125e-06}