{"_wandb":{"runtime":186},"_runtime":186.187272681,"_step":586,"lr":0.0001,"train_loss":0.39345416217787654,"_timestamp":1.7437063168062203e+09}