{"eval_MSE":0.7746999859809875,"eval_MSPE":2228.924560546875,"train_loss":0.27589337494499167,"_timestamp":1.7437104987986987e+09,"eval_MAPE":4.089900016784668,"eval_MAE":0.6599000096321106,"eval_RSE":0.8787999749183655,"eval_RMSE":0.8802000284194946,"_runtime":1128.16107135,"_wandb":{"runtime":1128},"lr":1.5625e-06,"_step":12145}