{"_runtime":205.810081486,"_step":2251,"lr":6.25e-06,"train_loss":0.4573717310561074,"_wandb":{"runtime":205},"_timestamp":1.7437074482622938e+09}