{"_wandb":{"runtime":274},"_runtime":274.09525843,"_step":3001,"lr":1.5625e-06,"train_loss":0.34397387227912746,"_timestamp":1.7437080367173953e+09}