{"_runtime":249.213430628,"_step":93,"eval_MAE":0.7574999928474426,"_timestamp":1.7437044009223313e+09,"eval_RMSE":0.9927999973297119,"eval_MAPE":2.781599998474121,"lr":1.5625e-06,"eval_MSPE":218.61599731445312,"eval_RSE":1.0053999423980713,"train_loss":0.5081689263623889,"eval_MSE":0.9857000112533569,"_wandb":{"runtime":249}}