{"_wandb":{"runtime":107},"eval_MSE":0.8070999979972839,"train_loss":0.26154567131996154,"_step":5626,"eval_MAE":0.6557000279426575,"eval_RSE":0.8783000111579895,"eval_MAPE":5.237400054931641,"lr":1.220703125e-08,"_runtime":107.107960422,"eval_MSPE":38731.23046875,"eval_RMSE":0.8984000086784363,"_timestamp":1.743731740583442e+09}