{"_step":93,"lr":0.0001,"train_loss":0.7068089349295503,"_timestamp":1.743702678454025e+09,"_wandb":{"runtime":32},"_runtime":32.190883188}