{"lr":3.125e-06,"_timestamp":1.743732020643087e+09,"eval_MSPE":1534.3743896484375,"_step":10627,"train_loss":0.2564413984453927,"eval_RMSE":0.7598999738693237,"eval_RSE":0.7585999965667725,"_runtime":202.777877053,"eval_MAE":0.5343999862670898,"eval_MSE":0.5774000287055969,"_wandb":{"runtime":202},"eval_MAPE":3.3864998817443848}