{"train_loss":0.6481394181328435,"eval_MAE":0.7551000118255615,"eval_MSPE":162.30419921875,"eval_MSE":0.9646999835968018,"_timestamp":1.743704020938448e+09,"lr":0.0001,"_step":93,"eval_MAPE":2.7160000801086426,"eval_RMSE":0.982200026512146,"eval_RSE":0.9940999746322632,"_wandb":{"runtime":37},"_runtime":37.083608236}