{"_wandb":{"runtime":1127},"eval_MSE":0.7749999761581421,"eval_RSE":0.8790000081062317,"eval_MSPE":2223.485107421875,"train_loss":0.2758776655013284,"_timestamp":1.7437092515134997e+09,"_runtime":1127.124010299,"_step":12145,"eval_MAPE":4.08489990234375,"eval_RMSE":0.880299985408783,"lr":1.5625e-06,"eval_MAE":0.6600000262260437}