{"eval_MAPE":2.5966999530792236,"_runtime":70.728778367,"_step":3751,"eval_MSPE":150.63560485839844,"lr":3.90625e-07,"_wandb":{"runtime":70},"eval_MAE":0.6043999791145325,"train_loss":0.3764363294084867,"eval_MSE":0.7125999927520752,"eval_RMSE":0.8440999984741211,"eval_RSE":0.8549000024795532,"_timestamp":1.7437314136846178e+09}