{"eval_MAPE":2.127700090408325,"_timestamp":1.743732535086306e+09,"eval_MSE":0.47609999775886536,"eval_MAE":0.47510001063346863,"eval_RSE":0.6855000257492065,"_step":15181,"eval_MSPE":491.12921142578125,"_wandb":{"runtime":288},"_runtime":288.228774905,"lr":3.90625e-07,"eval_RMSE":0.6899999976158142,"train_loss":0.14478092640638351}