{"train_loss":0.7068088926294799,"eval_MAPE":2.6117000579833984,"eval_RMSE":0.9611999988555908,"eval_RSE":0.9732000231742859,"_timestamp":1.7437027638784091e+09,"_step":93,"eval_MAE":0.7358999848365784,"eval_MSE":0.9239000082015991,"eval_MSPE":146.27720642089844,"lr":0.0001,"_runtime":31.21018435,"_wandb":{"runtime":31}}