{"_runtime":984.835930003,"_wandb":{"runtime":984},"eval_MSE":0.8248000144958496,"train_loss":0.18056628564763558,"eval_MAPE":3.2676000595092773,"_timestamp":1.743726252016463e+09,"eval_RMSE":0.9082000255584717,"eval_MSPE":1353.9896240234375,"eval_RSE":0.902400016784668,"eval_MAE":0.6553999781608582,"lr":3.125e-06,"_step":10627}