{"eval_RSE":0.9732000231742859,"_timestamp":1.7437032407609773e+09,"eval_MSPE":146.27560424804688,"eval_MAE":0.7358999848365784,"_runtime":36.201648269,"_wandb":{"runtime":36},"train_loss":0.7068090092751288,"eval_MAPE":2.6117000579833984,"_step":93,"eval_RMSE":0.9611999988555908,"lr":0.0001,"eval_MSE":0.9239000082015991}